teamName,squad_url,display_name,wiki_name,country,apps,url
"Arsenal
",https://en.wikipedia.org/wiki/2019-20_Arsenal_F.C._season,Bernd Leno,Bernd_Leno,Germany,8,https://en.wikipedia.org/wiki/Bernd_Leno
"Arsenal
",https://en.wikipedia.org/wiki/2019-20_Arsenal_F.C._season,Héctor Bellerín,H%C3%A9ctor_Beller%C3%ADn,Spain,4,https://en.wikipedia.org/wiki/H%C3%A9ctor_Beller%C3%ADn
"Arsenal
",https://en.wikipedia.org/wiki/2019-20_Arsenal_F.C._season,Kieran Tierney,Kieran_Tierney,Scotland,-1,https://en.wikipedia.org/wiki/Kieran_Tierney
"Arsenal
",https://en.wikipedia.org/wiki/2019-20_Arsenal_F.C._season,Mohamed Elneny,Mohamed_Elneny,Egypt,79,https://en.wikipedia.org/wiki/Mohamed_Elneny
"Arsenal
",https://en.wikipedia.org/wiki/2019-20_Arsenal_F.C._season,Sokratis Papastathopoulos,Sokratis_Papastathopoulos,Greece,90,https://en.wikipedia.org/wiki/Sokratis_Papastathopoulos
"Arsenal
",https://en.wikipedia.org/wiki/2019-20_Arsenal_F.C._season,Henrikh Mkhitaryan,Henrikh_Mkhitaryan,Armenia,88,https://en.wikipedia.org/wiki/Henrikh_Mkhitaryan
"Arsenal
",https://en.wikipedia.org/wiki/2019-20_Arsenal_F.C._season,Dani Ceballos,Dani_Ceballos,Spain,11,https://en.wikipedia.org/wiki/Dani_Ceballos
"Arsenal
",https://en.wikipedia.org/wiki/2019-20_Arsenal_F.C._season,Alexandre Lacazette,Alexandre_Lacazette,France,16,https://en.wikipedia.org/wiki/Alexandre_Lacazette
"Arsenal
",https://en.wikipedia.org/wiki/2019-20_Arsenal_F.C._season,Mesut Özil,Mesut_%C3%96zil,Germany,92,https://en.wikipedia.org/wiki/Mesut_%C3%96zil
"Arsenal
",https://en.wikipedia.org/wiki/2019-20_Arsenal_F.C._season,Lucas Torreira,Lucas_Torreira,Uruguay,-1,https://en.wikipedia.org/wiki/Lucas_Torreira
"Arsenal
",https://en.wikipedia.org/wiki/2019-20_Arsenal_F.C._season,Pierre-Emerick Aubameyang,Pierre-Emerick_Aubameyang,Gabon,65,https://en.wikipedia.org/wiki/Pierre-Emerick_Aubameyang
"Arsenal
",https://en.wikipedia.org/wiki/2019-20_Arsenal_F.C._season,Ainsley Maitland-Niles,Ainsley_Maitland-Niles,England,5,https://en.wikipedia.org/wiki/Ainsley_Maitland-Niles
"Arsenal
",https://en.wikipedia.org/wiki/2019-20_Arsenal_F.C._season,Rob Holding,Rob_Holding,England,-1,https://en.wikipedia.org/wiki/Rob_Holding
"Arsenal
",https://en.wikipedia.org/wiki/2019-20_Arsenal_F.C._season,Cédric Soares,C%C3%A9dric_Soares,Portugal,33,https://en.wikipedia.org/wiki/C%C3%A9dric_Soares
"Arsenal
",https://en.wikipedia.org/wiki/2019-20_Arsenal_F.C._season,Nicolas Pépé,Nicolas_P%C3%A9p%C3%A9,Ivory_Coast,24,https://en.wikipedia.org/wiki/Nicolas_P%C3%A9p%C3%A9
"Arsenal
",https://en.wikipedia.org/wiki/2019-20_Arsenal_F.C._season,Shkodran Mustafi,Shkodran_Mustafi,Germany,20,https://en.wikipedia.org/wiki/Shkodran_Mustafi
"Arsenal
",https://en.wikipedia.org/wiki/2019-20_Arsenal_F.C._season,Calum Chambers,Calum_Chambers,England,3,https://en.wikipedia.org/wiki/Calum_Chambers
"Arsenal
",https://en.wikipedia.org/wiki/2019-20_Arsenal_F.C._season,Pablo  Marí,Pablo_Mar%C3%AD,Spain,-1,https://en.wikipedia.org/wiki/Pablo_Mar%C3%AD
"Arsenal
",https://en.wikipedia.org/wiki/2019-20_Arsenal_F.C._season,David Luiz,David_Luiz,Brazil,57,https://en.wikipedia.org/wiki/David_Luiz
"Arsenal
",https://en.wikipedia.org/wiki/2019-20_Arsenal_F.C._season,Reiss Nelson,Reiss_Nelson,England,-1,https://en.wikipedia.org/wiki/Reiss_Nelson
"Arsenal
",https://en.wikipedia.org/wiki/2019-20_Arsenal_F.C._season,Emiliano Martínez,Emiliano_Mart%C3%ADnez,Argentina,-1,https://en.wikipedia.org/wiki/Emiliano_Mart%C3%ADnez
"Arsenal
",https://en.wikipedia.org/wiki/2019-20_Arsenal_F.C._season,Konstantinos Mavropanos,Konstantinos_Mavropanos,Greece,-1,https://en.wikipedia.org/wiki/Konstantinos_Mavropanos
"Arsenal
",https://en.wikipedia.org/wiki/2019-20_Arsenal_F.C._season,Joe Willock,Joe_Willock,England,-1,https://en.wikipedia.org/wiki/Joe_Willock
"Arsenal
",https://en.wikipedia.org/wiki/2019-20_Arsenal_F.C._season,Matteo Guendouzi,Matteo_Guendouzi,France,-1,https://en.wikipedia.org/wiki/Matteo_Guendouzi
"Arsenal
",https://en.wikipedia.org/wiki/2019-20_Arsenal_F.C._season,Eddie Nketiah,Eddie_Nketiah,England,-1,https://en.wikipedia.org/wiki/Eddie_Nketiah
"Arsenal
",https://en.wikipedia.org/wiki/2019-20_Arsenal_F.C._season,Sead Kolašinac,Sead_Kola%C5%A1inac,Bosnia_and_Herzegovina,35,https://en.wikipedia.org/wiki/Sead_Kola%C5%A1inac
"Arsenal
",https://en.wikipedia.org/wiki/2019-20_Arsenal_F.C._season,Emile Smith Rowe,Emile_Smith_Rowe,England,-1,https://en.wikipedia.org/wiki/Emile_Smith_Rowe
"Arsenal
",https://en.wikipedia.org/wiki/2019-20_Arsenal_F.C._season,Matt Macey,Matt_Macey,England,-1,https://en.wikipedia.org/wiki/Matt_Macey
"Arsenal
",https://en.wikipedia.org/wiki/2019-20_Arsenal_F.C._season,Granit Xhaka,Granit_Xhaka,Switzerland,89,https://en.wikipedia.org/wiki/Granit_Xhaka
"Arsenal
",https://en.wikipedia.org/wiki/2019-20_Arsenal_F.C._season,Gabriel Martinelli,Gabriel_Martinelli,Brazil,-1,https://en.wikipedia.org/wiki/Gabriel_Martinelli
"Arsenal
",https://en.wikipedia.org/wiki/2019-20_Arsenal_F.C._season,Bukayo Saka,Bukayo_Saka,England,4,https://en.wikipedia.org/wiki/Bukayo_Saka
"Arsenal
",https://en.wikipedia.org/wiki/2019-20_Arsenal_F.C._season,William Saliba,William_Saliba,France,-1,https://en.wikipedia.org/wiki/William_Saliba
"Brighton & Hove Albion
",https://en.wikipedia.org/wiki/2019-20_Brighton_%26_Hove_Albion_F.C._season,"Mathew Ryan
",Mathew_Ryan,Australia,-1,https://en.wikipedia.org/wiki/Mathew_Ryan
"Brighton & Hove Albion
",https://en.wikipedia.org/wiki/2019-20_Brighton_%26_Hove_Albion_F.C._season,"Jason Steele
",Jason_Steele_(footballer),England,-1,https://en.wikipedia.org/wiki/Jason_Steele_(footballer)
"Brighton & Hove Albion
",https://en.wikipedia.org/wiki/2019-20_Brighton_%26_Hove_Albion_F.C._season,"David Button
",David_Button,England,-1,https://en.wikipedia.org/wiki/David_Button
"Brighton & Hove Albion
",https://en.wikipedia.org/wiki/2019-20_Brighton_%26_Hove_Albion_F.C._season,"Tariq Lamptey
",Tariq_Lamptey,England,-1,https://en.wikipedia.org/wiki/Tariq_Lamptey
"Brighton & Hove Albion
",https://en.wikipedia.org/wiki/2019-20_Brighton_%26_Hove_Albion_F.C._season,"Shane Duffy
",Shane_Duffy,Republic_of_Ireland,41,https://en.wikipedia.org/wiki/Shane_Duffy
"Brighton & Hove Albion
",https://en.wikipedia.org/wiki/2019-20_Brighton_%26_Hove_Albion_F.C._season,"Lewis Dunk
",Lewis_Dunk,England,1,https://en.wikipedia.org/wiki/Lewis_Dunk
"Brighton & Hove Albion
",https://en.wikipedia.org/wiki/2019-20_Brighton_%26_Hove_Albion_F.C._season,"Adam Webster
","Adam_Webster_(footballer,_born_1995)",England,-1,"https://en.wikipedia.org/wiki/Adam_Webster_(footballer,_born_1995)"
"Brighton & Hove Albion
",https://en.wikipedia.org/wiki/2019-20_Brighton_%26_Hove_Albion_F.C._season,"Ezequiel Schelotto
",Ezequiel_Schelotto,Italy,-1,https://en.wikipedia.org/wiki/Ezequiel_Schelotto
"Brighton & Hove Albion
",https://en.wikipedia.org/wiki/2019-20_Brighton_%26_Hove_Albion_F.C._season,"Martín Montoya
",Mart%C3%ADn_Montoya,Spain,-1,https://en.wikipedia.org/wiki/Mart%C3%ADn_Montoya
"Brighton & Hove Albion
",https://en.wikipedia.org/wiki/2019-20_Brighton_%26_Hove_Albion_F.C._season,"Bernardo
",Bernardo_Fernandes_da_Silva_Junior,Brazil,-1,https://en.wikipedia.org/wiki/Bernardo_Fernandes_da_Silva_Junior
"Brighton & Hove Albion
",https://en.wikipedia.org/wiki/2019-20_Brighton_%26_Hove_Albion_F.C._season,"Dan Burn
",Dan_Burn,England,-1,https://en.wikipedia.org/wiki/Dan_Burn
"Brighton & Hove Albion
",https://en.wikipedia.org/wiki/2019-20_Brighton_%26_Hove_Albion_F.C._season,"Romaric Yapi
",Romaric_Yapi,France,-1,https://en.wikipedia.org/wiki/Romaric_Yapi
"Brighton & Hove Albion
",https://en.wikipedia.org/wiki/2019-20_Brighton_%26_Hove_Albion_F.C._season,"Archie Davies
",Archie_Davies,England,-1,https://en.wikipedia.org/wiki/Archie_Davies
"Brighton & Hove Albion
",https://en.wikipedia.org/wiki/2019-20_Brighton_%26_Hove_Albion_F.C._season,"Haydon Roberts
",Haydon_Roberts,England,-1,https://en.wikipedia.org/wiki/Haydon_Roberts
"Brighton & Hove Albion
",https://en.wikipedia.org/wiki/2019-20_Brighton_%26_Hove_Albion_F.C._season,"Dale Stephens
",Dale_Stephens_(footballer),England,-1,https://en.wikipedia.org/wiki/Dale_Stephens_(footballer)
"Brighton & Hove Albion
",https://en.wikipedia.org/wiki/2019-20_Brighton_%26_Hove_Albion_F.C._season,"Yves Bissouma
",Yves_Bissouma,Mali,-1,https://en.wikipedia.org/wiki/Yves_Bissouma
"Brighton & Hove Albion
",https://en.wikipedia.org/wiki/2019-20_Brighton_%26_Hove_Albion_F.C._season,"Alexis Mac Allister
",Alexis_Mac_Allister,Argentina,-1,https://en.wikipedia.org/wiki/Alexis_Mac_Allister
"Brighton & Hove Albion
",https://en.wikipedia.org/wiki/2019-20_Brighton_%26_Hove_Albion_F.C._season,"Leandro Trossard
",Leandro_Trossard,Belgium,3,https://en.wikipedia.org/wiki/Leandro_Trossard
"Brighton & Hove Albion
",https://en.wikipedia.org/wiki/2019-20_Brighton_%26_Hove_Albion_F.C._season,"Pascal Groß
",Pascal_Gro%C3%9F,Germany,-1,https://en.wikipedia.org/wiki/Pascal_Gro%C3%9F
"Brighton & Hove Albion
",https://en.wikipedia.org/wiki/2019-20_Brighton_%26_Hove_Albion_F.C._season,"Aaron Mooy
",Aaron_Mooy,Australia,43,https://en.wikipedia.org/wiki/Aaron_Mooy
"Brighton & Hove Albion
",https://en.wikipedia.org/wiki/2019-20_Brighton_%26_Hove_Albion_F.C._season,"Solly March
",Solly_March,England,-1,https://en.wikipedia.org/wiki/Solly_March
"Brighton & Hove Albion
",https://en.wikipedia.org/wiki/2019-20_Brighton_%26_Hove_Albion_F.C._season,"Davy Pröpper
",Davy_Pr%C3%B6pper,Netherlands,19,https://en.wikipedia.org/wiki/Davy_Pr%C3%B6pper
"Brighton & Hove Albion
",https://en.wikipedia.org/wiki/2019-20_Brighton_%26_Hove_Albion_F.C._season,"Taylor Richards
",Taylor_Richards,England,-1,https://en.wikipedia.org/wiki/Taylor_Richards
"Brighton & Hove Albion
",https://en.wikipedia.org/wiki/2019-20_Brighton_%26_Hove_Albion_F.C._season,"Steven Alzate
",Steven_Alzate,Colombia,4,https://en.wikipedia.org/wiki/Steven_Alzate
"Brighton & Hove Albion
",https://en.wikipedia.org/wiki/2019-20_Brighton_%26_Hove_Albion_F.C._season,"Alex Cochrane
",Alex_Cochrane_(footballer),England,-1,https://en.wikipedia.org/wiki/Alex_Cochrane_(footballer)
"Brighton & Hove Albion
",https://en.wikipedia.org/wiki/2019-20_Brighton_%26_Hove_Albion_F.C._season,"Peter Gwargis
",Peter_Gwargis,Sweden,-1,https://en.wikipedia.org/wiki/Peter_Gwargis
"Brighton & Hove Albion
",https://en.wikipedia.org/wiki/2019-20_Brighton_%26_Hove_Albion_F.C._season,"Ryan Longman
",Ryan_Longman,England,-1,https://en.wikipedia.org/wiki/Ryan_Longman
"Brighton & Hove Albion
",https://en.wikipedia.org/wiki/2019-20_Brighton_%26_Hove_Albion_F.C._season,"Jack Spong
",Jack_Spong_(footballer),England,-1,https://en.wikipedia.org/wiki/Jack_Spong_(footballer)
"Brighton & Hove Albion
",https://en.wikipedia.org/wiki/2019-20_Brighton_%26_Hove_Albion_F.C._season,"Teddy Jenks
",Teddy_Jenks,England,-1,https://en.wikipedia.org/wiki/Teddy_Jenks
"Brighton & Hove Albion
",https://en.wikipedia.org/wiki/2019-20_Brighton_%26_Hove_Albion_F.C._season,"Neal Maupay
",Neal_Maupay,France,-1,https://en.wikipedia.org/wiki/Neal_Maupay
"Brighton & Hove Albion
",https://en.wikipedia.org/wiki/2019-20_Brighton_%26_Hove_Albion_F.C._season,"Alireza Jahanbakhsh
",Alireza_Jahanbakhsh,Iran,-1,https://en.wikipedia.org/wiki/Alireza_Jahanbakhsh
"Brighton & Hove Albion
",https://en.wikipedia.org/wiki/2019-20_Brighton_%26_Hove_Albion_F.C._season,"Glenn Murray
",Glenn_Murray,England,-1,https://en.wikipedia.org/wiki/Glenn_Murray
"Brighton & Hove Albion
",https://en.wikipedia.org/wiki/2019-20_Brighton_%26_Hove_Albion_F.C._season,"Jose Izquierdo
","Jos%C3%A9_Izquierdo_(footballer,_born_1992)",Colombia,-1,"https://en.wikipedia.org/wiki/Jos%C3%A9_Izquierdo_(footballer,_born_1992)"
"Brighton & Hove Albion
",https://en.wikipedia.org/wiki/2019-20_Brighton_%26_Hove_Albion_F.C._season,"Aaron Connolly
","Aaron_Connolly_(footballer,_born_2000)",Republic_of_Ireland,5,"https://en.wikipedia.org/wiki/Aaron_Connolly_(footballer,_born_2000)"
"Brighton & Hove Albion
",https://en.wikipedia.org/wiki/2019-20_Brighton_%26_Hove_Albion_F.C._season,"Gaëtan Bong
",Ga%C3%ABtan_Bong,Cameroon,16,https://en.wikipedia.org/wiki/Ga%C3%ABtan_Bong
"Brighton & Hove Albion
",https://en.wikipedia.org/wiki/2019-20_Brighton_%26_Hove_Albion_F.C._season,"Jürgen Locadia
",J%C3%BCrgen_Locadia,Netherlands,-1,https://en.wikipedia.org/wiki/J%C3%BCrgen_Locadia
"Brighton & Hove Albion
",https://en.wikipedia.org/wiki/2019-20_Brighton_%26_Hove_Albion_F.C._season,"Florin Andone
",Florin_Andone,Romania,-1,https://en.wikipedia.org/wiki/Florin_Andone
"Brighton & Hove Albion
",https://en.wikipedia.org/wiki/2019-20_Brighton_%26_Hove_Albion_F.C._season,"Leon Balogun
",Leon_Balogun,Nigeria,-1,https://en.wikipedia.org/wiki/Leon_Balogun
"Brighton & Hove Albion
",https://en.wikipedia.org/wiki/2019-20_Brighton_%26_Hove_Albion_F.C._season,"Tudor Băluță
",Tudor_B%C4%83lu%C8%9B%C4%83,Romania,-1,https://en.wikipedia.org/wiki/Tudor_B%C4%83lu%C8%9B%C4%83
"Chelsea
",https://en.wikipedia.org/wiki/2019-20_Chelsea_F.C._season,"Goals
",ERROR,ERROR,-1,https://en.wikipedia.org/wiki/ERROR
"Crystal Palace
",https://en.wikipedia.org/wiki/2019-20_Crystal_Palace_F.C._season,"Wayne Hennessey
",Wayne_Hennessey,Wales,-1,https://en.wikipedia.org/wiki/Wayne_Hennessey
"Crystal Palace
",https://en.wikipedia.org/wiki/2019-20_Crystal_Palace_F.C._season,"Stephen Henderson
","Stephen_Henderson_(footballer,_born_1988)",Republic_of_Ireland,-1,"https://en.wikipedia.org/wiki/Stephen_Henderson_(footballer,_born_1988)"
"Crystal Palace
",https://en.wikipedia.org/wiki/2019-20_Crystal_Palace_F.C._season,"Vicente Guaita
",Vicente_Guaita,Spain,-1,https://en.wikipedia.org/wiki/Vicente_Guaita
"Crystal Palace
",https://en.wikipedia.org/wiki/2019-20_Crystal_Palace_F.C._season,"Joel Ward
",Joel_Ward_(footballer),England,-1,https://en.wikipedia.org/wiki/Joel_Ward_(footballer)
"Crystal Palace
",https://en.wikipedia.org/wiki/2019-20_Crystal_Palace_F.C._season,"Patrick van Aanholt
",Patrick_van_Aanholt,Netherlands,-1,https://en.wikipedia.org/wiki/Patrick_van_Aanholt
"Crystal Palace
",https://en.wikipedia.org/wiki/2019-20_Crystal_Palace_F.C._season,"James Tomkins
",James_Tomkins_(footballer),England,-1,https://en.wikipedia.org/wiki/James_Tomkins_(footballer)
"Crystal Palace
",https://en.wikipedia.org/wiki/2019-20_Crystal_Palace_F.C._season,"Scott Dann
",Scott_Dann,England,-1,https://en.wikipedia.org/wiki/Scott_Dann
"Crystal Palace
",https://en.wikipedia.org/wiki/2019-20_Crystal_Palace_F.C._season,"Mamadou Sakho
",Mamadou_Sakho,France,-1,https://en.wikipedia.org/wiki/Mamadou_Sakho
"Crystal Palace
",https://en.wikipedia.org/wiki/2019-20_Crystal_Palace_F.C._season,"Gary Cahill
",Gary_Cahill,England,61,https://en.wikipedia.org/wiki/Gary_Cahill
"Crystal Palace
",https://en.wikipedia.org/wiki/2019-20_Crystal_Palace_F.C._season,"Martin Kelly
",Martin_Kelly_(footballer),England,1,https://en.wikipedia.org/wiki/Martin_Kelly_(footballer)
"Crystal Palace
",https://en.wikipedia.org/wiki/2019-20_Crystal_Palace_F.C._season,"Sam Woods
",Sam_Woods_(footballer),England,-1,https://en.wikipedia.org/wiki/Sam_Woods_(footballer)
"Crystal Palace
",https://en.wikipedia.org/wiki/2019-20_Crystal_Palace_F.C._season,"Tyrick Mitchell
",Tyrick_Mitchell,England,-1,https://en.wikipedia.org/wiki/Tyrick_Mitchell
"Crystal Palace
",https://en.wikipedia.org/wiki/2019-20_Crystal_Palace_F.C._season,"Luka Milivojević
",Luka_Milivojevi%C4%87,Serbia,-1,https://en.wikipedia.org/wiki/Luka_Milivojevi%C4%87
"Crystal Palace
",https://en.wikipedia.org/wiki/2019-20_Crystal_Palace_F.C._season,"Max Meyer
",Max_Meyer_(footballer),Germany,4,https://en.wikipedia.org/wiki/Max_Meyer_(footballer)
"Crystal Palace
",https://en.wikipedia.org/wiki/2019-20_Crystal_Palace_F.C._season,"Cheikhou Kouyaté
",Cheikhou_Kouyat%C3%A9,Senegal,-1,https://en.wikipedia.org/wiki/Cheikhou_Kouyat%C3%A9
"Crystal Palace
",https://en.wikipedia.org/wiki/2019-20_Crystal_Palace_F.C._season,"Andros Townsend
",Andros_Townsend,England,13,https://en.wikipedia.org/wiki/Andros_Townsend
"Crystal Palace
",https://en.wikipedia.org/wiki/2019-20_Crystal_Palace_F.C._season,"Jeffrey Schlupp
",Jeffrey_Schlupp,Ghana,-1,https://en.wikipedia.org/wiki/Jeffrey_Schlupp
"Crystal Palace
",https://en.wikipedia.org/wiki/2019-20_Crystal_Palace_F.C._season,"James McArthur
",James_McArthur,Scotland,-1,https://en.wikipedia.org/wiki/James_McArthur
"Crystal Palace
",https://en.wikipedia.org/wiki/2019-20_Crystal_Palace_F.C._season,"James McCarthy
",James_McCarthy_(footballer),Republic_of_Ireland,43,https://en.wikipedia.org/wiki/James_McCarthy_(footballer)
"Crystal Palace
",https://en.wikipedia.org/wiki/2019-20_Crystal_Palace_F.C._season,"Brandon Pierrick
",Brandon_Pierrick,England,-1,https://en.wikipedia.org/wiki/Brandon_Pierrick
"Crystal Palace
",https://en.wikipedia.org/wiki/2019-20_Crystal_Palace_F.C._season,"Jaïro Riedewald
",Ja%C3%AFro_Riedewald,Netherlands,-1,https://en.wikipedia.org/wiki/Ja%C3%AFro_Riedewald
"Crystal Palace
",https://en.wikipedia.org/wiki/2019-20_Crystal_Palace_F.C._season,"Jordan Ayew
",Jordan_Ayew,Ghana,-1,https://en.wikipedia.org/wiki/Jordan_Ayew
"Crystal Palace
",https://en.wikipedia.org/wiki/2019-20_Crystal_Palace_F.C._season,"Wilfried Zaha
",Wilfried_Zaha,Ivory_Coast,2,https://en.wikipedia.org/wiki/Wilfried_Zaha
"Crystal Palace
",https://en.wikipedia.org/wiki/2019-20_Crystal_Palace_F.C._season,"Christian Benteke
",Christian_Benteke,Belgium,-1,https://en.wikipedia.org/wiki/Christian_Benteke
"Crystal Palace
",https://en.wikipedia.org/wiki/2019-20_Crystal_Palace_F.C._season,"Connor Wickham
",Connor_Wickham,England,-1,https://en.wikipedia.org/wiki/Connor_Wickham
"Crystal Palace
",https://en.wikipedia.org/wiki/2019-20_Crystal_Palace_F.C._season,"Cenk Tosun
",Cenk_Tosun,Turkey,-1,https://en.wikipedia.org/wiki/Cenk_Tosun
"Crystal Palace
",https://en.wikipedia.org/wiki/2019-20_Crystal_Palace_F.C._season,"Víctor Camarasa
",V%C3%ADctor_Camarasa,Spain,-1,https://en.wikipedia.org/wiki/V%C3%ADctor_Camarasa
"Everton
",https://en.wikipedia.org/wiki/2019-20_Everton_F.C._season,"Jordan Pickford
",Jordan_Pickford,England,30,https://en.wikipedia.org/wiki/Jordan_Pickford
"Everton
",https://en.wikipedia.org/wiki/2019-20_Everton_F.C._season,"Maarten Stekelenburg
",Maarten_Stekelenburg,Netherlands,58,https://en.wikipedia.org/wiki/Maarten_Stekelenburg
"Everton
",https://en.wikipedia.org/wiki/2019-20_Everton_F.C._season,"Mason Holgate
",Mason_Holgate,England,-1,https://en.wikipedia.org/wiki/Mason_Holgate
"Everton
",https://en.wikipedia.org/wiki/2019-20_Everton_F.C._season,"Leighton Baines
",Leighton_Baines,England,30,https://en.wikipedia.org/wiki/Leighton_Baines
"Everton
",https://en.wikipedia.org/wiki/2019-20_Everton_F.C._season,"Michael Keane
","Michael_Keane_(footballer,_born_1993)",England,12,"https://en.wikipedia.org/wiki/Michael_Keane_(footballer,_born_1993)"
"Everton
",https://en.wikipedia.org/wiki/2019-20_Everton_F.C._season,"Lucas Digne
",Lucas_Digne,France,35,https://en.wikipedia.org/wiki/Lucas_Digne
"Everton
",https://en.wikipedia.org/wiki/2019-20_Everton_F.C._season,"Yerry Mina
",Yerry_Mina,Colombia,-1,https://en.wikipedia.org/wiki/Yerry_Mina
"Everton
",https://en.wikipedia.org/wiki/2019-20_Everton_F.C._season,"Djibril Sidibé
","Djibril_Sidib%C3%A9_(footballer,_born_1992)",France,18,"https://en.wikipedia.org/wiki/Djibril_Sidib%C3%A9_(footballer,_born_1992)"
"Everton
",https://en.wikipedia.org/wiki/2019-20_Everton_F.C._season,"Séamus Coleman
",S%C3%A9amus_Coleman,Republic_of_Ireland,56,https://en.wikipedia.org/wiki/S%C3%A9amus_Coleman
"Everton
",https://en.wikipedia.org/wiki/2019-20_Everton_F.C._season,"Jarrad Branthwaite
",Jarrad_Branthwaite,England,-1,https://en.wikipedia.org/wiki/Jarrad_Branthwaite
"Everton
",https://en.wikipedia.org/wiki/2019-20_Everton_F.C._season,"Fabian Delph
",Fabian_Delph,England,20,https://en.wikipedia.org/wiki/Fabian_Delph
"Everton
",https://en.wikipedia.org/wiki/2019-20_Everton_F.C._season,"Gylfi Sigurðsson
",Gylfi_Sigur%C3%B0sson,Iceland,-1,https://en.wikipedia.org/wiki/Gylfi_Sigur%C3%B0sson
"Everton
",https://en.wikipedia.org/wiki/2019-20_Everton_F.C._season,"Alex Iwobi
",Alex_Iwobi,Nigeria,44,https://en.wikipedia.org/wiki/Alex_Iwobi
"Everton
",https://en.wikipedia.org/wiki/2019-20_Everton_F.C._season,"Bernard
",Bernard_(footballer),Brazil,-1,https://en.wikipedia.org/wiki/Bernard_(footballer)
"Everton
",https://en.wikipedia.org/wiki/2019-20_Everton_F.C._season,"André Gomes
",Andr%C3%A9_Gomes,Portugal,-1,https://en.wikipedia.org/wiki/Andr%C3%A9_Gomes
"Everton
",https://en.wikipedia.org/wiki/2019-20_Everton_F.C._season,"Jean-Philippe Gbamin
",Jean-Philippe_Gbamin,Ivory_Coast,-1,https://en.wikipedia.org/wiki/Jean-Philippe_Gbamin
"Everton
",https://en.wikipedia.org/wiki/2019-20_Everton_F.C._season,"Tom Davies
","Tom_Davies_(footballer,_born_1998)",England,-1,"https://en.wikipedia.org/wiki/Tom_Davies_(footballer,_born_1998)"
"Everton
",https://en.wikipedia.org/wiki/2019-20_Everton_F.C._season,"Richarlison
",Richarlison,Brazil,23,https://en.wikipedia.org/wiki/Richarlison
"Everton
",https://en.wikipedia.org/wiki/2019-20_Everton_F.C._season,"Dominic Calvert-Lewin
",Dominic_Calvert-Lewin,England,5,https://en.wikipedia.org/wiki/Dominic_Calvert-Lewin
"Everton
",https://en.wikipedia.org/wiki/2019-20_Everton_F.C._season,"Theo Walcott
",Theo_Walcott,England,47,https://en.wikipedia.org/wiki/Theo_Walcott
"Everton
",https://en.wikipedia.org/wiki/2019-20_Everton_F.C._season,"Moise Kean
",Moise_Kean,Italy,8,https://en.wikipedia.org/wiki/Moise_Kean
"Everton
",https://en.wikipedia.org/wiki/2019-20_Everton_F.C._season,"Anthony Gordon
",Anthony_Gordon_(footballer),England,-1,https://en.wikipedia.org/wiki/Anthony_Gordon_(footballer)
"Everton
",https://en.wikipedia.org/wiki/2019-20_Everton_F.C._season,"Cenk Tosun
",Cenk_Tosun,Turkey,-1,https://en.wikipedia.org/wiki/Cenk_Tosun
"Everton
",https://en.wikipedia.org/wiki/2019-20_Everton_F.C._season,"Morgan Schneiderlin
",Morgan_Schneiderlin,France,15,https://en.wikipedia.org/wiki/Morgan_Schneiderlin
"Everton
",https://en.wikipedia.org/wiki/2019-20_Everton_F.C._season,"Oumar Niasse
",Oumar_Niasse,Senegal,9,https://en.wikipedia.org/wiki/Oumar_Niasse
"Everton
",https://en.wikipedia.org/wiki/2019-20_Everton_F.C._season,"Cuco Martina
",Cuco_Martina,Cura%C3%A7ao,-1,https://en.wikipedia.org/wiki/Cuco_Martina
"Everton
",https://en.wikipedia.org/wiki/2019-20_Everton_F.C._season,"Yannick Bolasie
",Yannick_Bolasie,Democratic_Republic_of_the_Congo,-1,https://en.wikipedia.org/wiki/Yannick_Bolasie
"Everton
",https://en.wikipedia.org/wiki/2019-20_Everton_F.C._season,"Jonas Lössl
",Jonas_L%C3%B6ssl,Denmark,1,https://en.wikipedia.org/wiki/Jonas_L%C3%B6ssl
"Leeds United
",https://en.wikipedia.org/wiki/2019-20_Leeds_United_F.C._season,"Illan Meslier
",Illan_Meslier,France,-1,https://en.wikipedia.org/wiki/Illan_Meslier
"Leeds United
",https://en.wikipedia.org/wiki/2019-20_Leeds_United_F.C._season,"Kiko Casilla
",Kiko_Casilla,Spain,-1,https://en.wikipedia.org/wiki/Kiko_Casilla
"Leeds United
",https://en.wikipedia.org/wiki/2019-20_Leeds_United_F.C._season,"Luke Ayling
",Luke_Ayling,England,-1,https://en.wikipedia.org/wiki/Luke_Ayling
"Leeds United
",https://en.wikipedia.org/wiki/2019-20_Leeds_United_F.C._season,"Barry Douglas
",Barry_Douglas,Scotland,-1,https://en.wikipedia.org/wiki/Barry_Douglas
"Leeds United
",https://en.wikipedia.org/wiki/2019-20_Leeds_United_F.C._season,"Ben White
",Ben_White_(footballer),England,-1,https://en.wikipedia.org/wiki/Ben_White_(footballer)
"Leeds United
",https://en.wikipedia.org/wiki/2019-20_Leeds_United_F.C._season,"Liam Cooper
",Liam_Cooper,Scotland,-1,https://en.wikipedia.org/wiki/Liam_Cooper
"Leeds United
",https://en.wikipedia.org/wiki/2019-20_Leeds_United_F.C._season,"Stuart Dallas
",Stuart_Dallas,Northern_Ireland,46,https://en.wikipedia.org/wiki/Stuart_Dallas
"Leeds United
",https://en.wikipedia.org/wiki/2019-20_Leeds_United_F.C._season,"Gaetano Berardi
",Gaetano_Berardi,Switzerland,-1,https://en.wikipedia.org/wiki/Gaetano_Berardi
"Leeds United
",https://en.wikipedia.org/wiki/2019-20_Leeds_United_F.C._season,"Pascal Struijk
",Pascal_Struijk,Netherlands,-1,https://en.wikipedia.org/wiki/Pascal_Struijk
"Leeds United
",https://en.wikipedia.org/wiki/2019-20_Leeds_United_F.C._season,"Leif Davis
",Leif_Davis,England,-1,https://en.wikipedia.org/wiki/Leif_Davis
"Leeds United
",https://en.wikipedia.org/wiki/2019-20_Leeds_United_F.C._season,"Oliver Casey
",Oliver_Casey,England,-1,https://en.wikipedia.org/wiki/Oliver_Casey
"Leeds United
",https://en.wikipedia.org/wiki/2019-20_Leeds_United_F.C._season,"Adam Forshaw
",Adam_Forshaw,England,-1,https://en.wikipedia.org/wiki/Adam_Forshaw
"Leeds United
",https://en.wikipedia.org/wiki/2019-20_Leeds_United_F.C._season,"Ian Poveda-Ocampo
",Ian_Poveda,England,-1,https://en.wikipedia.org/wiki/Ian_Poveda
"Leeds United
",https://en.wikipedia.org/wiki/2019-20_Leeds_United_F.C._season,"Ezgjan Alioski
",Ezgjan_Alioski,North_Macedonia,38,https://en.wikipedia.org/wiki/Ezgjan_Alioski
"Leeds United
",https://en.wikipedia.org/wiki/2019-20_Leeds_United_F.C._season,"Hélder Costa
",H%C3%A9lder_Costa_(footballer),Portugal,-1,https://en.wikipedia.org/wiki/H%C3%A9lder_Costa_(footballer)
"Leeds United
",https://en.wikipedia.org/wiki/2019-20_Leeds_United_F.C._season,"Pablo Hernández
","Pablo_Hern%C3%A1ndez_(footballer,_born_1985)",Spain,4,"https://en.wikipedia.org/wiki/Pablo_Hern%C3%A1ndez_(footballer,_born_1985)"
"Leeds United
",https://en.wikipedia.org/wiki/2019-20_Leeds_United_F.C._season,"Jack Harrison
","Jack_Harrison_(footballer,_born_1996)",England,-1,"https://en.wikipedia.org/wiki/Jack_Harrison_(footballer,_born_1996)"
"Leeds United
",https://en.wikipedia.org/wiki/2019-20_Leeds_United_F.C._season,"Kalvin Phillips
",Kalvin_Phillips,England,4,https://en.wikipedia.org/wiki/Kalvin_Phillips
"Leeds United
",https://en.wikipedia.org/wiki/2019-20_Leeds_United_F.C._season,"Robbie Gotts
",Robbie_Gotts,England,-1,https://en.wikipedia.org/wiki/Robbie_Gotts
"Leeds United
",https://en.wikipedia.org/wiki/2019-20_Leeds_United_F.C._season,"Alfie McCalmont
",Alfie_McCalmont,Northern_Ireland,-1,https://en.wikipedia.org/wiki/Alfie_McCalmont
"Leeds United
",https://en.wikipedia.org/wiki/2019-20_Leeds_United_F.C._season,"Mateusz Klich
",Mateusz_Klich,Poland,-1,https://en.wikipedia.org/wiki/Mateusz_Klich
"Leeds United
",https://en.wikipedia.org/wiki/2019-20_Leeds_United_F.C._season,"Mateusz Bogusz
",Mateusz_Bogusz,Poland,-1,https://en.wikipedia.org/wiki/Mateusz_Bogusz
"Leeds United
",https://en.wikipedia.org/wiki/2019-20_Leeds_United_F.C._season,"Jamie Shackleton
",Jamie_Shackleton,England,-1,https://en.wikipedia.org/wiki/Jamie_Shackleton
"Leeds United
",https://en.wikipedia.org/wiki/2019-20_Leeds_United_F.C._season,"Jordan Stevens
",Jordan_Stevens,England,-1,https://en.wikipedia.org/wiki/Jordan_Stevens
"Leeds United
",https://en.wikipedia.org/wiki/2019-20_Leeds_United_F.C._season,"Patrick Bamford
",Patrick_Bamford,England,-1,https://en.wikipedia.org/wiki/Patrick_Bamford
"Leeds United
",https://en.wikipedia.org/wiki/2019-20_Leeds_United_F.C._season,"Tyler Roberts
",Tyler_Roberts,Wales,-1,https://en.wikipedia.org/wiki/Tyler_Roberts
"Leeds United
",https://en.wikipedia.org/wiki/2019-20_Leeds_United_F.C._season,"Jean-Kévin Augustin
",Jean-K%C3%A9vin_Augustin,France,-1,https://en.wikipedia.org/wiki/Jean-K%C3%A9vin_Augustin
"Leeds United
",https://en.wikipedia.org/wiki/2019-20_Leeds_United_F.C._season,"Eddie Nketiah
",Eddie_Nketiah,England,-1,https://en.wikipedia.org/wiki/Eddie_Nketiah
"Leeds United
",https://en.wikipedia.org/wiki/2019-20_Leeds_United_F.C._season,"Jack Clarke
","Jack_Clarke_(footballer,_born_2000)",England,-1,"https://en.wikipedia.org/wiki/Jack_Clarke_(footballer,_born_2000)"
"Leicester City
",https://en.wikipedia.org/wiki/2019-20_Leicester_City_F.C._season,"Kasper Schmeichel
",Kasper_Schmeichel,Denmark,-1,https://en.wikipedia.org/wiki/Kasper_Schmeichel
"Leicester City
",https://en.wikipedia.org/wiki/2019-20_Leicester_City_F.C._season,"James Justin
",James_Justin,England,-1,https://en.wikipedia.org/wiki/James_Justin
"Leicester City
",https://en.wikipedia.org/wiki/2019-20_Leicester_City_F.C._season,"Ben Chilwell
",Ben_Chilwell,England,12,https://en.wikipedia.org/wiki/Ben_Chilwell
"Leicester City
",https://en.wikipedia.org/wiki/2019-20_Leicester_City_F.C._season,"Çağlar Söyüncü
",%C3%87a%C4%9Flar_S%C3%B6y%C3%BCnc%C3%BC,Turkey,-1,https://en.wikipedia.org/wiki/%C3%87a%C4%9Flar_S%C3%B6y%C3%BCnc%C3%BC
"Leicester City
",https://en.wikipedia.org/wiki/2019-20_Leicester_City_F.C._season,"Wes Morgan
",Wes_Morgan,Jamaica,30,https://en.wikipedia.org/wiki/Wes_Morgan
"Leicester City
",https://en.wikipedia.org/wiki/2019-20_Leicester_City_F.C._season,"Jonny Evans
",Jonny_Evans,Northern_Ireland,-1,https://en.wikipedia.org/wiki/Jonny_Evans
"Leicester City
",https://en.wikipedia.org/wiki/2019-20_Leicester_City_F.C._season,"Demarai Gray
",Demarai_Gray,England,-1,https://en.wikipedia.org/wiki/Demarai_Gray
"Leicester City
",https://en.wikipedia.org/wiki/2019-20_Leicester_City_F.C._season,"Youri Tielemans
",Youri_Tielemans,Belgium,34,https://en.wikipedia.org/wiki/Youri_Tielemans
"Leicester City
",https://en.wikipedia.org/wiki/2019-20_Leicester_City_F.C._season,"Jamie Vardy
",Jamie_Vardy,England,26,https://en.wikipedia.org/wiki/Jamie_Vardy
"Leicester City
",https://en.wikipedia.org/wiki/2019-20_Leicester_City_F.C._season,"James Maddison
",James_Maddison,England,1,https://en.wikipedia.org/wiki/James_Maddison
"Leicester City
",https://en.wikipedia.org/wiki/2019-20_Leicester_City_F.C._season,"Marc Albrighton
",Marc_Albrighton,England,-1,https://en.wikipedia.org/wiki/Marc_Albrighton
"Leicester City
",https://en.wikipedia.org/wiki/2019-20_Leicester_City_F.C._season,"Danny Ward
",Danny_Ward_(Welsh_footballer),Wales,10,https://en.wikipedia.org/wiki/Danny_Ward_(Welsh_footballer)
"Leicester City
",https://en.wikipedia.org/wiki/2019-20_Leicester_City_F.C._season,"Islam Slimani**
",Islam_Slimani,Algeria,-1,https://en.wikipedia.org/wiki/Islam_Slimani
"Leicester City
",https://en.wikipedia.org/wiki/2019-20_Leicester_City_F.C._season,"Kelechi Iheanacho
",Kelechi_Iheanacho,Nigeria,29,https://en.wikipedia.org/wiki/Kelechi_Iheanacho
"Leicester City
",https://en.wikipedia.org/wiki/2019-20_Leicester_City_F.C._season,"Harvey Barnes
",Harvey_Barnes,England,1,https://en.wikipedia.org/wiki/Harvey_Barnes
"Leicester City
",https://en.wikipedia.org/wiki/2019-20_Leicester_City_F.C._season,"Filip Benković**
",Filip_Benkovi%C4%87,Croatia,-1,https://en.wikipedia.org/wiki/Filip_Benkovi%C4%87
"Leicester City
",https://en.wikipedia.org/wiki/2019-20_Leicester_City_F.C._season,"Ayoze Pérez
",Ayoze_P%C3%A9rez,Spain,-1,https://en.wikipedia.org/wiki/Ayoze_P%C3%A9rez
"Leicester City
",https://en.wikipedia.org/wiki/2019-20_Leicester_City_F.C._season,"Daniel Amartey
",Daniel_Amartey,Ghana,26,https://en.wikipedia.org/wiki/Daniel_Amartey
"Leicester City
",https://en.wikipedia.org/wiki/2019-20_Leicester_City_F.C._season,"Hamza Choudhury
",Hamza_Choudhury,England,-1,https://en.wikipedia.org/wiki/Hamza_Choudhury
"Leicester City
",https://en.wikipedia.org/wiki/2019-20_Leicester_City_F.C._season,"Ricardo Pereira
","Ricardo_Pereira_(footballer,_born_1993)",Portugal,-1,"https://en.wikipedia.org/wiki/Ricardo_Pereira_(footballer,_born_1993)"
"Leicester City
",https://en.wikipedia.org/wiki/2019-20_Leicester_City_F.C._season,"Matty James
",Matty_James,England,-1,https://en.wikipedia.org/wiki/Matty_James
"Leicester City
",https://en.wikipedia.org/wiki/2019-20_Leicester_City_F.C._season,"Adrien Silva**
",Adrien_Silva,Portugal,-1,https://en.wikipedia.org/wiki/Adrien_Silva
"Leicester City
",https://en.wikipedia.org/wiki/2019-20_Leicester_City_F.C._season,"Nampalys Mendy
",Nampalys_Mendy,France,-1,https://en.wikipedia.org/wiki/Nampalys_Mendy
"Leicester City
",https://en.wikipedia.org/wiki/2019-20_Leicester_City_F.C._season,"Wilfred Ndidi
",Wilfred_Ndidi,Nigeria,36,https://en.wikipedia.org/wiki/Wilfred_Ndidi
"Leicester City
",https://en.wikipedia.org/wiki/2019-20_Leicester_City_F.C._season,"Dennis Praet
",Dennis_Praet,Belgium,-1,https://en.wikipedia.org/wiki/Dennis_Praet
"Leicester City
",https://en.wikipedia.org/wiki/2019-20_Leicester_City_F.C._season,"Fousseni Diabaté**
",Fousseni_Diabat%C3%A9,Mali,-1,https://en.wikipedia.org/wiki/Fousseni_Diabat%C3%A9
"Leicester City
",https://en.wikipedia.org/wiki/2019-20_Leicester_City_F.C._season,"Christian Fuchs
",Christian_Fuchs,Austria,-1,https://en.wikipedia.org/wiki/Christian_Fuchs
"Leicester City
",https://en.wikipedia.org/wiki/2019-20_Leicester_City_F.C._season,"Ryan Bennett
",Ryan_Bennett_(footballer),England,-1,https://en.wikipedia.org/wiki/Ryan_Bennett_(footballer)
"Leicester City
",https://en.wikipedia.org/wiki/2019-20_Leicester_City_F.C._season,"Rachid Ghezzal**
",Rachid_Ghezzal,Algeria,-1,https://en.wikipedia.org/wiki/Rachid_Ghezzal
"Leicester City
",https://en.wikipedia.org/wiki/2019-20_Leicester_City_F.C._season,"Eldin Jakupović
",Eldin_Jakupovi%C4%87,Switzerland,-1,https://en.wikipedia.org/wiki/Eldin_Jakupovi%C4%87
"Leicester City
",https://en.wikipedia.org/wiki/2019-20_Leicester_City_F.C._season,"Andy King**
","Andy_King_(footballer,_born_1988)",Wales,50,"https://en.wikipedia.org/wiki/Andy_King_(footballer,_born_1988)"
"Leicester City
",https://en.wikipedia.org/wiki/2019-20_Leicester_City_F.C._season,"Darnell Johnson
",Darnell_Johnson,England,-1,https://en.wikipedia.org/wiki/Darnell_Johnson
"Leicester City
",https://en.wikipedia.org/wiki/2019-20_Leicester_City_F.C._season,"George Hirst
",George_Hirst_(footballer),England,-1,https://en.wikipedia.org/wiki/George_Hirst_(footballer)
"Leicester City
",https://en.wikipedia.org/wiki/2019-20_Leicester_City_F.C._season,"Kiernan Dewsbury-Hall**
",Kiernan_Dewsbury-Hall,England,-1,https://en.wikipedia.org/wiki/Kiernan_Dewsbury-Hall
"Leicester City
",https://en.wikipedia.org/wiki/2019-20_Leicester_City_F.C._season,"Luke Thomas
","Luke_Thomas_(footballer,_born_2001)",England,-1,"https://en.wikipedia.org/wiki/Luke_Thomas_(footballer,_born_2001)"
"Liverpool
",https://en.wikipedia.org/wiki/2019-20_Liverpool_F.C._season,"Starts
",ERROR,ERROR,-1,https://en.wikipedia.org/wiki/ERROR
"Manchester United
",https://en.wikipedia.org/wiki/2019-20_Manchester_United_F.C._season,Goals,ERROR,ERROR,-1,https://en.wikipedia.org/wiki/ERROR
"Newcastle United
",https://en.wikipedia.org/wiki/2019-20_Newcastle_United_F.C._season,"Martin Dúbravka
",Martin_D%C3%BAbravka,Slovakia,24,https://en.wikipedia.org/wiki/Martin_D%C3%BAbravka
"Newcastle United
",https://en.wikipedia.org/wiki/2019-20_Newcastle_United_F.C._season,"Rob Elliot
",Rob_Elliot,Republic_of_Ireland,-1,https://en.wikipedia.org/wiki/Rob_Elliot
"Newcastle United
",https://en.wikipedia.org/wiki/2019-20_Newcastle_United_F.C._season,"Karl Darlow
",Karl_Darlow,England,-1,https://en.wikipedia.org/wiki/Karl_Darlow
"Newcastle United
",https://en.wikipedia.org/wiki/2019-20_Newcastle_United_F.C._season,"Ciaran Clark
",Ciaran_Clark,Republic_of_Ireland,34,https://en.wikipedia.org/wiki/Ciaran_Clark
"Newcastle United
",https://en.wikipedia.org/wiki/2019-20_Newcastle_United_F.C._season,"Paul Dummett
",Paul_Dummett,Wales,-1,https://en.wikipedia.org/wiki/Paul_Dummett
"Newcastle United
",https://en.wikipedia.org/wiki/2019-20_Newcastle_United_F.C._season,"Fabian Schär
",Fabian_Sch%C3%A4r,Switzerland,-1,https://en.wikipedia.org/wiki/Fabian_Sch%C3%A4r
"Newcastle United
",https://en.wikipedia.org/wiki/2019-20_Newcastle_United_F.C._season,"Jamaal Lascelles
",Jamaal_Lascelles,England,-1,https://en.wikipedia.org/wiki/Jamaal_Lascelles
"Newcastle United
",https://en.wikipedia.org/wiki/2019-20_Newcastle_United_F.C._season,"Emil Krafth
",Emil_Krafth,Sweden,-1,https://en.wikipedia.org/wiki/Emil_Krafth
"Newcastle United
",https://en.wikipedia.org/wiki/2019-20_Newcastle_United_F.C._season,"Federico Fernández
",Federico_Fern%C3%A1ndez_(footballer),Argentina,-1,https://en.wikipedia.org/wiki/Federico_Fern%C3%A1ndez_(footballer)
"Newcastle United
",https://en.wikipedia.org/wiki/2019-20_Newcastle_United_F.C._season,"Javier Manquillo
",Javier_Manquillo,Spain,-1,https://en.wikipedia.org/wiki/Javier_Manquillo
"Newcastle United
",https://en.wikipedia.org/wiki/2019-20_Newcastle_United_F.C._season,"Florian Lejeune
",Florian_Lejeune,France,-1,https://en.wikipedia.org/wiki/Florian_Lejeune
"Newcastle United
",https://en.wikipedia.org/wiki/2019-20_Newcastle_United_F.C._season,"DeAndre Yedlin
",DeAndre_Yedlin,United_States,-1,https://en.wikipedia.org/wiki/DeAndre_Yedlin
"Newcastle United
",https://en.wikipedia.org/wiki/2019-20_Newcastle_United_F.C._season,"Jamie Sterry
",Jamie_Sterry,England,-1,https://en.wikipedia.org/wiki/Jamie_Sterry
"Newcastle United
",https://en.wikipedia.org/wiki/2019-20_Newcastle_United_F.C._season,"Danny Rose
","Danny_Rose_(footballer,_born_1990)",England,29,"https://en.wikipedia.org/wiki/Danny_Rose_(footballer,_born_1990)"
"Newcastle United
",https://en.wikipedia.org/wiki/2019-20_Newcastle_United_F.C._season,"Jonjo Shelvey
",Jonjo_Shelvey,England,6,https://en.wikipedia.org/wiki/Jonjo_Shelvey
"Newcastle United
",https://en.wikipedia.org/wiki/2019-20_Newcastle_United_F.C._season,"Allan Saint-Maximin
",Allan_Saint-Maximin,France,-1,https://en.wikipedia.org/wiki/Allan_Saint-Maximin
"Newcastle United
",https://en.wikipedia.org/wiki/2019-20_Newcastle_United_F.C._season,"Matt Ritchie
",Matt_Ritchie,Scotland,16,https://en.wikipedia.org/wiki/Matt_Ritchie
"Newcastle United
",https://en.wikipedia.org/wiki/2019-20_Newcastle_United_F.C._season,"Isaac Hayden
",Isaac_Hayden,England,-1,https://en.wikipedia.org/wiki/Isaac_Hayden
"Newcastle United
",https://en.wikipedia.org/wiki/2019-20_Newcastle_United_F.C._season,"Valentino Lazaro
",Valentino_Lazaro,Austria,-1,https://en.wikipedia.org/wiki/Valentino_Lazaro
"Newcastle United
",https://en.wikipedia.org/wiki/2019-20_Newcastle_United_F.C._season,"Miguel Almirón
",Miguel_Almir%C3%B3n,Paraguay,26,https://en.wikipedia.org/wiki/Miguel_Almir%C3%B3n
"Newcastle United
",https://en.wikipedia.org/wiki/2019-20_Newcastle_United_F.C._season,"Henri Saivet
",Henri_Saivet,Senegal,-1,https://en.wikipedia.org/wiki/Henri_Saivet
"Newcastle United
",https://en.wikipedia.org/wiki/2019-20_Newcastle_United_F.C._season,"Christian Atsu
",Christian_Atsu,Ghana,-1,https://en.wikipedia.org/wiki/Christian_Atsu
"Newcastle United
",https://en.wikipedia.org/wiki/2019-20_Newcastle_United_F.C._season,"Sean Longstaff
",Sean_Longstaff,England,-1,https://en.wikipedia.org/wiki/Sean_Longstaff
"Newcastle United
",https://en.wikipedia.org/wiki/2019-20_Newcastle_United_F.C._season,"Nabil Bentaleb
",Nabil_Bentaleb,Algeria,-1,https://en.wikipedia.org/wiki/Nabil_Bentaleb
"Newcastle United
",https://en.wikipedia.org/wiki/2019-20_Newcastle_United_F.C._season,"Matty Longstaff
",Matty_Longstaff,England,-1,https://en.wikipedia.org/wiki/Matty_Longstaff
"Newcastle United
",https://en.wikipedia.org/wiki/2019-20_Newcastle_United_F.C._season,"Andy Carroll
",Andy_Carroll,England,9,https://en.wikipedia.org/wiki/Andy_Carroll
"Newcastle United
",https://en.wikipedia.org/wiki/2019-20_Newcastle_United_F.C._season,"Joelinton
",Joelinton,Brazil,-1,https://en.wikipedia.org/wiki/Joelinton
"Newcastle United
",https://en.wikipedia.org/wiki/2019-20_Newcastle_United_F.C._season,"Dwight Gayle
",Dwight_Gayle,England,-1,https://en.wikipedia.org/wiki/Dwight_Gayle
"Newcastle United
",https://en.wikipedia.org/wiki/2019-20_Newcastle_United_F.C._season,"Yoshinori Mutō
",Yoshinori_Mut%C5%8D,Japan,29,https://en.wikipedia.org/wiki/Yoshinori_Mut%C5%8D
"Newcastle United
",https://en.wikipedia.org/wiki/2019-20_Newcastle_United_F.C._season,"Thomas Allan
","Thomas_Allan_(footballer,_born_1999)",England,-1,"https://en.wikipedia.org/wiki/Thomas_Allan_(footballer,_born_1999)"
"Newcastle United
",https://en.wikipedia.org/wiki/2019-20_Newcastle_United_F.C._season,"Ki Sung-yueng
",Ki_Sung-yueng,South_Korea,-1,https://en.wikipedia.org/wiki/Ki_Sung-yueng
"Newcastle United
",https://en.wikipedia.org/wiki/2019-20_Newcastle_United_F.C._season,"Jetro Willems
",Jetro_Willems,Netherlands,-1,https://en.wikipedia.org/wiki/Jetro_Willems
"Sheffield United
",https://en.wikipedia.org/wiki/2019-20_Sheffield_United_F.C._season,"Dean Henderson
",Dean_Henderson,England,1,https://en.wikipedia.org/wiki/Dean_Henderson
"Sheffield United
",https://en.wikipedia.org/wiki/2019-20_Sheffield_United_F.C._season,"Michael Verrips
",Michael_Verrips,Netherlands,-1,https://en.wikipedia.org/wiki/Michael_Verrips
"Sheffield United
",https://en.wikipedia.org/wiki/2019-20_Sheffield_United_F.C._season,"Simon Moore
",Simon_Moore_(footballer),England,-1,https://en.wikipedia.org/wiki/Simon_Moore_(footballer)
"Sheffield United
",https://en.wikipedia.org/wiki/2019-20_Sheffield_United_F.C._season,"George Baldock
",George_Baldock,England,-1,https://en.wikipedia.org/wiki/George_Baldock
"Sheffield United
",https://en.wikipedia.org/wiki/2019-20_Sheffield_United_F.C._season,"Enda Stevens
",Enda_Stevens,Republic_of_Ireland,19,https://en.wikipedia.org/wiki/Enda_Stevens
"Sheffield United
",https://en.wikipedia.org/wiki/2019-20_Sheffield_United_F.C._season,"Jack O'Connell
",Jack_O%27Connell_(English_footballer),England,-1,https://en.wikipedia.org/wiki/Jack_O%27Connell_(English_footballer)
"Sheffield United
",https://en.wikipedia.org/wiki/2019-20_Sheffield_United_F.C._season,"Chris Basham
",Chris_Basham,England,-1,https://en.wikipedia.org/wiki/Chris_Basham
"Sheffield United
",https://en.wikipedia.org/wiki/2019-20_Sheffield_United_F.C._season,"John Egan
","John_Egan_(footballer,_born_1992)",Republic_of_Ireland,12,"https://en.wikipedia.org/wiki/John_Egan_(footballer,_born_1992)"
"Sheffield United
",https://en.wikipedia.org/wiki/2019-20_Sheffield_United_F.C._season,"Phil Jagielka
",Phil_Jagielka,England,40,https://en.wikipedia.org/wiki/Phil_Jagielka
"Sheffield United
",https://en.wikipedia.org/wiki/2019-20_Sheffield_United_F.C._season,"Kieron Freeman
",Kieron_Freeman,Wales,-1,https://en.wikipedia.org/wiki/Kieron_Freeman
"Sheffield United
",https://en.wikipedia.org/wiki/2019-20_Sheffield_United_F.C._season,"Jack Robinson
","Jack_Robinson_(footballer,_born_1993)",England,-1,"https://en.wikipedia.org/wiki/Jack_Robinson_(footballer,_born_1993)"
"Sheffield United
",https://en.wikipedia.org/wiki/2019-20_Sheffield_United_F.C._season,"Jack Rodwell
",Jack_Rodwell,England,3,https://en.wikipedia.org/wiki/Jack_Rodwell
"Sheffield United
",https://en.wikipedia.org/wiki/2019-20_Sheffield_United_F.C._season,"Panagiotis Retsos
",Panagiotis_Retsos,Greece,-1,https://en.wikipedia.org/wiki/Panagiotis_Retsos
"Sheffield United
",https://en.wikipedia.org/wiki/2019-20_Sheffield_United_F.C._season,"John Fleck
",John_Fleck_(footballer),Scotland,4,https://en.wikipedia.org/wiki/John_Fleck_(footballer)
"Sheffield United
",https://en.wikipedia.org/wiki/2019-20_Sheffield_United_F.C._season,"John Lundstram
",John_Lundstram,England,-1,https://en.wikipedia.org/wiki/John_Lundstram
"Sheffield United
",https://en.wikipedia.org/wiki/2019-20_Sheffield_United_F.C._season,"Luke Freeman
",Luke_Freeman,England,-1,https://en.wikipedia.org/wiki/Luke_Freeman
"Sheffield United
",https://en.wikipedia.org/wiki/2019-20_Sheffield_United_F.C._season,"Oliver Norwood
",Oliver_Norwood,Northern_Ireland,57,https://en.wikipedia.org/wiki/Oliver_Norwood
"Sheffield United
",https://en.wikipedia.org/wiki/2019-20_Sheffield_United_F.C._season,"Ben Osborn
",Ben_Osborn,England,-1,https://en.wikipedia.org/wiki/Ben_Osborn
"Sheffield United
",https://en.wikipedia.org/wiki/2019-20_Sheffield_United_F.C._season,"Muhamed Bešić
",Muhamed_Be%C5%A1i%C4%87,Bosnia_and_Herzegovina,-1,https://en.wikipedia.org/wiki/Muhamed_Be%C5%A1i%C4%87
"Sheffield United
",https://en.wikipedia.org/wiki/2019-20_Sheffield_United_F.C._season,"Sander Berge
",Sander_Berge,Norway,-1,https://en.wikipedia.org/wiki/Sander_Berge
"Sheffield United
",https://en.wikipedia.org/wiki/2019-20_Sheffield_United_F.C._season,"Oli McBurnie
",Oli_McBurnie,Scotland,-1,https://en.wikipedia.org/wiki/Oli_McBurnie
"Sheffield United
",https://en.wikipedia.org/wiki/2019-20_Sheffield_United_F.C._season,"Billy Sharp
",Billy_Sharp,England,-1,https://en.wikipedia.org/wiki/Billy_Sharp
"Sheffield United
",https://en.wikipedia.org/wiki/2019-20_Sheffield_United_F.C._season,"David McGoldrick
",David_McGoldrick,Republic_of_Ireland,14,https://en.wikipedia.org/wiki/David_McGoldrick
"Sheffield United
",https://en.wikipedia.org/wiki/2019-20_Sheffield_United_F.C._season,"Lys Mousset
",Lys_Mousset,France,-1,https://en.wikipedia.org/wiki/Lys_Mousset
"Sheffield United
",https://en.wikipedia.org/wiki/2019-20_Sheffield_United_F.C._season,"Leon Clarke
",Leon_Clarke,England,-1,https://en.wikipedia.org/wiki/Leon_Clarke
"Sheffield United
",https://en.wikipedia.org/wiki/2019-20_Sheffield_United_F.C._season,"Richairo Zivkovic
",Richairo_Zivkovic,Netherlands,-1,https://en.wikipedia.org/wiki/Richairo_Zivkovic
"Sheffield United
",https://en.wikipedia.org/wiki/2019-20_Sheffield_United_F.C._season,"Callum Robinson
",Callum_Robinson,Republic_of_Ireland,15,https://en.wikipedia.org/wiki/Callum_Robinson
"Sheffield United
",https://en.wikipedia.org/wiki/2019-20_Sheffield_United_F.C._season,"Kean Bryan
",Kean_Bryan,England,-1,https://en.wikipedia.org/wiki/Kean_Bryan
"Sheffield United
",https://en.wikipedia.org/wiki/2019-20_Sheffield_United_F.C._season,"Ravel Morrison
",Ravel_Morrison,England,2,https://en.wikipedia.org/wiki/Ravel_Morrison
"Sheffield United
",https://en.wikipedia.org/wiki/2019-20_Sheffield_United_F.C._season,"Richard Stearman
",Richard_Stearman,England,-1,https://en.wikipedia.org/wiki/Richard_Stearman
"West Bromwich Albion
",https://en.wikipedia.org/wiki/2019-20_West_Bromwich_Albion_F.C._season,"Sam Johnstone
",Sam_Johnstone,England,-1,https://en.wikipedia.org/wiki/Sam_Johnstone
"West Bromwich Albion
",https://en.wikipedia.org/wiki/2019-20_West_Bromwich_Albion_F.C._season,"Darnell Furlong
",Darnell_Furlong,England,-1,https://en.wikipedia.org/wiki/Darnell_Furlong
"West Bromwich Albion
",https://en.wikipedia.org/wiki/2019-20_West_Bromwich_Albion_F.C._season,"Kieran Gibbs
",Kieran_Gibbs,England,10,https://en.wikipedia.org/wiki/Kieran_Gibbs
"West Bromwich Albion
",https://en.wikipedia.org/wiki/2019-20_West_Bromwich_Albion_F.C._season,"Hal Robson-Kanu
",Hal_Robson-Kanu,Wales,-1,https://en.wikipedia.org/wiki/Hal_Robson-Kanu
"West Bromwich Albion
",https://en.wikipedia.org/wiki/2019-20_West_Bromwich_Albion_F.C._season,"Kyle Bartley
",Kyle_Bartley,England,-1,https://en.wikipedia.org/wiki/Kyle_Bartley
"West Bromwich Albion
",https://en.wikipedia.org/wiki/2019-20_West_Bromwich_Albion_F.C._season,"Semi Ajayi
",Semi_Ajayi,Nigeria,-1,https://en.wikipedia.org/wiki/Semi_Ajayi
"West Bromwich Albion
",https://en.wikipedia.org/wiki/2019-20_West_Bromwich_Albion_F.C._season,"Filip Krovinović
",Filip_Krovinovi%C4%87,Croatia,-1,https://en.wikipedia.org/wiki/Filip_Krovinovi%C4%87
"West Bromwich Albion
",https://en.wikipedia.org/wiki/2019-20_West_Bromwich_Albion_F.C._season,"Jake Livermore
",Jake_Livermore,England,7,https://en.wikipedia.org/wiki/Jake_Livermore
"West Bromwich Albion
",https://en.wikipedia.org/wiki/2019-20_West_Bromwich_Albion_F.C._season,"Kenneth Zohore
",Kenneth_Zohore,Denmark,-1,https://en.wikipedia.org/wiki/Kenneth_Zohore
"West Bromwich Albion
",https://en.wikipedia.org/wiki/2019-20_West_Bromwich_Albion_F.C._season,"Matt Phillips
",Matt_Phillips,Scotland,16,https://en.wikipedia.org/wiki/Matt_Phillips
"West Bromwich Albion
",https://en.wikipedia.org/wiki/2019-20_West_Bromwich_Albion_F.C._season,"Chris Brunt
",Chris_Brunt,Northern_Ireland,65,https://en.wikipedia.org/wiki/Chris_Brunt
"West Bromwich Albion
",https://en.wikipedia.org/wiki/2019-20_West_Bromwich_Albion_F.C._season,"Matheus Pereira
",Matheus_Fellipe_Costa_Pereira,Brazil,-1,https://en.wikipedia.org/wiki/Matheus_Fellipe_Costa_Pereira
"West Bromwich Albion
",https://en.wikipedia.org/wiki/2019-20_West_Bromwich_Albion_F.C._season,"Kamil Grosicki
",Kamil_Grosicki,Poland,80,https://en.wikipedia.org/wiki/Kamil_Grosicki
"West Bromwich Albion
",https://en.wikipedia.org/wiki/2019-20_West_Bromwich_Albion_F.C._season,"Conor Townsend
",Conor_Townsend,England,-1,https://en.wikipedia.org/wiki/Conor_Townsend
"West Bromwich Albion
",https://en.wikipedia.org/wiki/2019-20_West_Bromwich_Albion_F.C._season,"Charlie Austin
",Charlie_Austin,England,-1,https://en.wikipedia.org/wiki/Charlie_Austin
"West Bromwich Albion
",https://en.wikipedia.org/wiki/2019-20_West_Bromwich_Albion_F.C._season,"Rekeem Harper
",Rekeem_Harper,England,-1,https://en.wikipedia.org/wiki/Rekeem_Harper
"West Bromwich Albion
",https://en.wikipedia.org/wiki/2019-20_West_Bromwich_Albion_F.C._season,"Gareth Barry
",Gareth_Barry,England,-1,https://en.wikipedia.org/wiki/Gareth_Barry
"West Bromwich Albion
",https://en.wikipedia.org/wiki/2019-20_West_Bromwich_Albion_F.C._season,"Romaine Sawyers
",Romaine_Sawyers,Saint_Kitts_and_Nevis,26,https://en.wikipedia.org/wiki/Romaine_Sawyers
"West Bromwich Albion
",https://en.wikipedia.org/wiki/2019-20_West_Bromwich_Albion_F.C._season,"Kyle Edwards
",Kyle_Edwards_(footballer),England,-1,https://en.wikipedia.org/wiki/Kyle_Edwards_(footballer)
"West Bromwich Albion
",https://en.wikipedia.org/wiki/2019-20_West_Bromwich_Albion_F.C._season,"Jonathan Bond
",Jonathan_Bond,England,-1,https://en.wikipedia.org/wiki/Jonathan_Bond
"West Bromwich Albion
",https://en.wikipedia.org/wiki/2019-20_West_Bromwich_Albion_F.C._season,"Ahmed Hegazi
",Ahmed_Hegazi_(footballer),Egypt,61,https://en.wikipedia.org/wiki/Ahmed_Hegazi_(footballer)
"West Bromwich Albion
",https://en.wikipedia.org/wiki/2019-20_West_Bromwich_Albion_F.C._season,"Dara O'Shea
",Dara_O%27Shea,Republic_of_Ireland,4,https://en.wikipedia.org/wiki/Dara_O%27Shea
"West Bromwich Albion
",https://en.wikipedia.org/wiki/2019-20_West_Bromwich_Albion_F.C._season,"Grady Diangana
",Grady_Diangana,England,-1,https://en.wikipedia.org/wiki/Grady_Diangana
"West Bromwich Albion
",https://en.wikipedia.org/wiki/2019-20_West_Bromwich_Albion_F.C._season,"Rayhaan Tulloch
",Rayhaan_Tulloch,England,-1,https://en.wikipedia.org/wiki/Rayhaan_Tulloch
"West Bromwich Albion
",https://en.wikipedia.org/wiki/2019-20_West_Bromwich_Albion_F.C._season,"Jack Fitzwater
",Jack_Fitzwater,England,-1,https://en.wikipedia.org/wiki/Jack_Fitzwater
"West Bromwich Albion
",https://en.wikipedia.org/wiki/2019-20_West_Bromwich_Albion_F.C._season,"Nathan Ferguson
","Nathan_Ferguson_(footballer,_born_2000)",England,-1,"https://en.wikipedia.org/wiki/Nathan_Ferguson_(footballer,_born_2000)"
"West Bromwich Albion
",https://en.wikipedia.org/wiki/2019-20_West_Bromwich_Albion_F.C._season,"Saul Shotton
",Saul_Shotton,England,-1,https://en.wikipedia.org/wiki/Saul_Shotton
"West Bromwich Albion
",https://en.wikipedia.org/wiki/2019-20_West_Bromwich_Albion_F.C._season,"Callum Robinson
",Callum_Robinson,Republic_of_Ireland,15,https://en.wikipedia.org/wiki/Callum_Robinson
"West Bromwich Albion
",https://en.wikipedia.org/wiki/2019-20_West_Bromwich_Albion_F.C._season,"Oliver Burke
",Oliver_Burke,Scotland,13,https://en.wikipedia.org/wiki/Oliver_Burke
"West Ham United
",https://en.wikipedia.org/wiki/2019-20_West_Ham_United_F.C._season,"Łukasz Fabiański
",%C5%81ukasz_Fabia%C5%84ski,Poland,55,https://en.wikipedia.org/wiki/%C5%81ukasz_Fabia%C5%84ski
"West Ham United
",https://en.wikipedia.org/wiki/2019-20_West_Ham_United_F.C._season,"David Martin
","David_Martin_(footballer,_born_1986)",England,-1,"https://en.wikipedia.org/wiki/David_Martin_(footballer,_born_1986)"
"West Ham United
",https://en.wikipedia.org/wiki/2019-20_West_Ham_United_F.C._season,"Darren Randolph
",Darren_Randolph,Republic_of_Ireland,50,https://en.wikipedia.org/wiki/Darren_Randolph
"West Ham United
",https://en.wikipedia.org/wiki/2019-20_West_Ham_United_F.C._season,"Aaron Cresswell
",Aaron_Cresswell,England,3,https://en.wikipedia.org/wiki/Aaron_Cresswell
"West Ham United
",https://en.wikipedia.org/wiki/2019-20_West_Ham_United_F.C._season,"Fabián Balbuena
",Fabi%C3%A1n_Balbuena,Paraguay,15,https://en.wikipedia.org/wiki/Fabi%C3%A1n_Balbuena
"West Ham United
",https://en.wikipedia.org/wiki/2019-20_West_Ham_United_F.C._season,"Angelo Ogbonna
",Angelo_Ogbonna,Italy,13,https://en.wikipedia.org/wiki/Angelo_Ogbonna
"West Ham United
",https://en.wikipedia.org/wiki/2019-20_West_Ham_United_F.C._season,"Issa Diop
",Issa_Diop_(footballer),France,-1,https://en.wikipedia.org/wiki/Issa_Diop_(footballer)
"West Ham United
",https://en.wikipedia.org/wiki/2019-20_West_Ham_United_F.C._season,"Ryan Fredericks
",Ryan_Fredericks,England,-1,https://en.wikipedia.org/wiki/Ryan_Fredericks
"West Ham United
",https://en.wikipedia.org/wiki/2019-20_West_Ham_United_F.C._season,"Arthur Masuaku
",Arthur_Masuaku,Democratic_Republic_of_the_Congo,8,https://en.wikipedia.org/wiki/Arthur_Masuaku
"West Ham United
",https://en.wikipedia.org/wiki/2019-20_West_Ham_United_F.C._season,"Ben Johnson
","Ben_Johnson_(footballer,_born_2000)",England,-1,"https://en.wikipedia.org/wiki/Ben_Johnson_(footballer,_born_2000)"
"West Ham United
",https://en.wikipedia.org/wiki/2019-20_West_Ham_United_F.C._season,"Robert Snodgrass
",Robert_Snodgrass,Scotland,28,https://en.wikipedia.org/wiki/Robert_Snodgrass
"West Ham United
",https://en.wikipedia.org/wiki/2019-20_West_Ham_United_F.C._season,"Mark Noble
",Mark_Noble,England,-1,https://en.wikipedia.org/wiki/Mark_Noble
"West Ham United
",https://en.wikipedia.org/wiki/2019-20_West_Ham_United_F.C._season,"Pablo Fornals
",Pablo_Fornals,Spain,-1,https://en.wikipedia.org/wiki/Pablo_Fornals
"West Ham United
",https://en.wikipedia.org/wiki/2019-20_West_Ham_United_F.C._season,"Jack Wilshere
",Jack_Wilshere,England,34,https://en.wikipedia.org/wiki/Jack_Wilshere
"West Ham United
",https://en.wikipedia.org/wiki/2019-20_West_Ham_United_F.C._season,"Tomáš Souček
",Tom%C3%A1%C5%A1_Sou%C4%8Dek,Czech_Republic,-1,https://en.wikipedia.org/wiki/Tom%C3%A1%C5%A1_Sou%C4%8Dek
"West Ham United
",https://en.wikipedia.org/wiki/2019-20_West_Ham_United_F.C._season,"Declan Rice
",Declan_Rice,England,3,https://en.wikipedia.org/wiki/Declan_Rice
"West Ham United
",https://en.wikipedia.org/wiki/2019-20_West_Ham_United_F.C._season,"Andriy Yarmolenko
",Andriy_Yarmolenko,Ukraine,92,https://en.wikipedia.org/wiki/Andriy_Yarmolenko
"West Ham United
",https://en.wikipedia.org/wiki/2019-20_West_Ham_United_F.C._season,"Felipe Anderson
",Felipe_Anderson,Brazil,2,https://en.wikipedia.org/wiki/Felipe_Anderson
"West Ham United
",https://en.wikipedia.org/wiki/2019-20_West_Ham_United_F.C._season,"Manuel Lanzini
",Manuel_Lanzini,Argentina,5,https://en.wikipedia.org/wiki/Manuel_Lanzini
"West Ham United
",https://en.wikipedia.org/wiki/2019-20_West_Ham_United_F.C._season,"Jarrod Bowen
",Jarrod_Bowen,England,-1,https://en.wikipedia.org/wiki/Jarrod_Bowen
"West Ham United
",https://en.wikipedia.org/wiki/2019-20_West_Ham_United_F.C._season,"Sébastien Haller
",S%C3%A9bastien_Haller,France,2,https://en.wikipedia.org/wiki/S%C3%A9bastien_Haller
"West Ham United
",https://en.wikipedia.org/wiki/2019-20_West_Ham_United_F.C._season,"Albian Ajeti
",Albian_Ajeti,Switzerland,-1,https://en.wikipedia.org/wiki/Albian_Ajeti
"West Ham United
",https://en.wikipedia.org/wiki/2019-20_West_Ham_United_F.C._season,"Michail Antonio
",Michail_Antonio,England,-1,https://en.wikipedia.org/wiki/Michail_Antonio
"West Ham United
",https://en.wikipedia.org/wiki/2019-20_West_Ham_United_F.C._season,"Pablo Zabaleta
",Pablo_Zabaleta,Argentina,58,https://en.wikipedia.org/wiki/Pablo_Zabaleta
"West Ham United
",https://en.wikipedia.org/wiki/2019-20_West_Ham_United_F.C._season,"Javier Hernández
",Javier_Hern%C3%A1ndez,Mexico,109,https://en.wikipedia.org/wiki/Javier_Hern%C3%A1ndez
"West Ham United
",https://en.wikipedia.org/wiki/2019-20_West_Ham_United_F.C._season,"Roberto
",Roberto_Jim%C3%A9nez_Gago,Spain,-1,https://en.wikipedia.org/wiki/Roberto_Jim%C3%A9nez_Gago
"West Ham United
",https://en.wikipedia.org/wiki/2019-20_West_Ham_United_F.C._season,"Carlos Sánchez
",Carlos_S%C3%A1nchez_(Colombian_footballer),Colombia,88,https://en.wikipedia.org/wiki/Carlos_S%C3%A1nchez_(Colombian_footballer)
"West Ham United
",https://en.wikipedia.org/wiki/2019-20_West_Ham_United_F.C._season,"Nathan Holland
",Nathan_Holland,England,-1,https://en.wikipedia.org/wiki/Nathan_Holland
"West Ham United
",https://en.wikipedia.org/wiki/2019-20_West_Ham_United_F.C._season,"Jeremy Ngakia
",Jeremy_Ngakia,England,-1,https://en.wikipedia.org/wiki/Jeremy_Ngakia
"West Ham United
",https://en.wikipedia.org/wiki/2019-20_West_Ham_United_F.C._season,"Conor Coventry
",Conor_Coventry,Republic_of_Ireland,-1,https://en.wikipedia.org/wiki/Conor_Coventry
